"file","coverage_pct","line_coverage_pct","branch_coverage_pct","lines_to_cover","uncovered_lines","conditions_to_cover","uncovered_conditions"
"apps/app-client/app/discovery-content/[contentId].tsx","0","0","","23","23","",""
"apps/app-client/app/(app)/orders/[orderId].tsx","0","0","","1","1","",""
"apps/app-client/app/store/[storeId].tsx","0","0","","5","5","",""
"apps/app-client/app/(app)/cart/[storeId].tsx","0","0","","1","1","",""
"apps/app-client/app/_layout.tsx","0","0","","3","3","",""
"apps/app-client/app/store/_layout.tsx","0","0","","1","1","",""
"apps/app-client/app/(app)/_layout.tsx","0","0","","10","10","",""
"apps/app-partner/app/_layout.tsx","0","0","","3","3","",""
"apps/app-partner/app/(app)/_layout.tsx","0","0","","9","9","",""
"apps/app-captain/app/_layout.tsx","0","0","","3","3","",""
"apps/app-captain/app/(app)/_layout.tsx","0","0","","2","2","",""
"apps/app-field/app/_layout.tsx","0","0","","3","3","",""
"apps/app-field/app/(app)/_layout.tsx","0","0","","2","2","",""
"apps/control-panel/src/features/access/account-access-panel.tsx","0","0","","109","109","",""
"apps/app-client/app/(app)/account.tsx","0","0","","1","1","",""
"apps/app-client/src/features/account/account.tsx","0","0","","30","30","",""
"apps/app-partner/app/(app)/account.tsx","0","0","","1","1","",""
"apps/app-partner/src/features/account/account.tsx","0","0","","15","15","",""
"apps/app-captain/src/features/account/account.tsx","0","0","","27","27","",""
"apps/app-captain/app/(app)/account.tsx","0","0","","1","1","",""
"apps/app-field/app/(app)/account.tsx","0","0","","1","1","",""
"apps/app-field/src/features/account/account.tsx","0","0","","27","27","",""
"apps/control-panel/src/features/partner-onboarding/actor-legal-name-workspace.tsx","0","0","","30","30","",""
"apps/app-client/app/(app)/addresses.tsx","0","0","","1","1","",""
"apps/control-panel/src/shell/appearance-control.tsx","0","0","","26","26","",""
"apps/app-client/src/bootstrap/appearance.ts","0","0","","1","1","",""
"apps/app-partner/src/bootstrap/appearance.ts","0","0","","1","1","",""
"apps/app-captain/src/bootstrap/appearance.ts","0","0","","1","1","",""
"apps/app-field/src/bootstrap/appearance.ts","0","0","","1","1","",""
"packages/design-system/src/native/appearance.tsx","0","0","","69","69","",""
"services/dsh/backend/internal/opsafety/authority.go","0","0","","38","38","",""
"services/wlt/backend/internal/opsafety/authority.go","0","0","","19","19","",""
"apps/control-panel/src/features/finance/beneficiary-settlement-workspace.tsx","0","0","","430","430","",""
"services/dsh/backend/internal/transport/http/beneficiary_finance.go","0","0","","389","389","",""
"services/dsh/backend/internal/transport/http/beneficiary_identity.go","0","0","","52","52","",""
"services/dsh/backend/internal/transport/http/beneficiary_settlement_governance.go","0","0","","383","383","",""
"packages/design-system/src/tokens/borders.ts","0","0","","1","1","",""
"packages/design-system/src/tokens/breakpoints.ts","0","0","","2","2","",""
"tools/dev/build-ci-image.mjs","0","0","","18","18","",""
"apps/control-panel/src/features/captain/captain-admission-panel.tsx","0","0","","143","143","",""
"apps/control-panel/src/features/captain/captain-candidate-panel.tsx","0","0","","77","77","",""
"apps/app-captain/src/features/captain-operations/captain-client.ts","0","0","","4","4","",""
"apps/app-captain/src/features/captain-operations/captain-deliveries.tsx","0","0","","201","201","",""
"apps/app-captain/src/features/captain-operations/captain-offers.tsx","0","0","","31","31","",""
"apps/app-captain/src/features/captain-operations/captain-operation-styles.ts","0","0","","1","1","",""
"apps/app-captain/src/features/account/captain-payout-card.tsx","0","0","","51","51","",""
"apps/app-captain/src/features/captain-operations/captain-readiness.tsx","0","0","","28","28","",""
"apps/app-captain/src/shell/captain-shell.tsx","0","0","","20","20","",""
"services/dsh/backend/internal/transport/http/captain.go","0","0","","729","729","",""
"services/wlt/backend/internal/storage/postgres/captain_wallet.go","0","0","","206","206","",""
"services/wlt/backend/internal/transport/http/captain_wallet.go","0","0","","63","63","",""
"tools/dev/capture-ci-failure.mjs","0","0","","114","114","",""
"apps/app-client/src/features/cart-checkout/cart-checkout.tsx","0","0","","237","237","",""
"services/dsh/backend/internal/storage/postgres/cart.go","0","0","","364","364","",""
"apps/app-field/app/(app)/cases.tsx","0","0","","1","1","",""
"apps/control-panel/src/features/finance/cash-custody-workspace.tsx","0","0","","68","68","",""
"apps/app-client/src/features/wallet/cash-in-panel.tsx","0","0","","114","114","",""
"apps/app-captain/src/features/wallet/cash-in-panel.tsx","0","0","","62","62","",""
"services/wlt/backend/internal/transport/http/cash_in.go","0","0","","164","164","",""
"services/wlt/backend/internal/storage/postgres/cash_in_funding.go","0","0","","283","283","",""
"apps/control-panel/src/features/central-catalog/catalog-attribute-policy-workspace.tsx","0","0","","89","89","",""
"apps/control-panel/src/features/central-catalog/catalog-category-registry.tsx","0","0","","187","187","",""
"apps/control-panel/src/features/central-catalog/catalog-import-workspace.tsx","0","0","","153","153","",""
"apps/control-panel/src/features/central-catalog/catalog-media-provenance-fields.tsx","0","0","","8","8","",""
"apps/control-panel/src/features/central-catalog/catalog-proposal-review.tsx","0","0","","94","94","",""
"apps/control-panel/src/features/central-catalog/catalog-taxonomy-workspace.tsx","0","0","","62","62","",""
"apps/control-panel/src/features/central-catalog/catalog-vertical-registry.tsx","0","0","","65","65","",""
"apps/control-panel/src/features/central-catalog/catalog-workspace.tsx","0","0","","8","8","",""
"services/dsh/backend/internal/storage/postgres/catalog_category_media.go","0","0","","171","171","",""
"services/dsh/backend/internal/catalog/catalog_category_media.go","0","0","","69","69","",""
"services/dsh/backend/internal/catalog/catalog_extensions.go","0","0","","135","135","",""
"services/dsh/backend/internal/storage/postgres/catalog_imports.go","0","0","","239","239","",""
"services/dsh/backend/internal/catalog/catalog_media_upload.go","0","0","","164","164","",""
"services/dsh/backend/internal/storage/postgres/catalog_modifiers.go","0","0","","61","61","",""
"services/dsh/backend/internal/catalog/catalog_offer.go","0","0","","61","61","",""
"services/dsh/backend/internal/transport/http/catalog_offer.go","0","0","","49","49","",""
"services/dsh/backend/internal/transport/http/catalog_product.go","0","0","","710","710","",""
"services/dsh/backend/internal/catalog/catalog_proposals.go","0","0","","95","95","",""
"services/dsh/backend/internal/transport/http/catalog_proposals.go","0","0","","205","205","",""
"services/dsh/backend/internal/storage/postgres/catalog_public_attributes.go","0","0","","22","22","",""
"services/dsh/backend/internal/transport/http/catalog_variants.go","0","0","","89","89","",""
"apps/control-panel/src/features/central-catalog/central-catalog.tsx","0","0","","312","312","",""
"apps/app-client/src/features/cart-checkout/client-cart-screen.tsx","0","0","","81","81","",""
"apps/app-client/src/shell/client-shell.tsx","0","0","","34","34","",""
"services/identity/clients/go/client.go","0","0","","101","101","",""
"services/identity/clients/client.ts","0","0","","131","131","",""
"packages/design-system/src/tokens/colors.ts","0","0","","20","20","",""
"tools/mobile/create-samrim-metro-config.cjs","0","0","","20","20","",""
"apps/control-panel/src/server/security/csrf.ts","0","0","","38","38","",""
"apps/control-panel/src/features/operations/customer-withdrawal-intake.tsx","0","0","","37","37","",""
"apps/control-panel/src/features/finance/customer-withdrawal-queue.tsx","0","0","","150","150","",""
"services/wlt/backend/internal/storage/postgres/customer_withdrawal.go","0","0","","429","429","",""
"tools/mobile/define-samrim-expo-app.cjs","0","0","","61","61","",""
"apps/app-captain/app/(app)/deliveries.tsx","0","0","","1","1","",""
"apps/app-client/src/features/location-core/delivery-address-client.ts","0","0","","10","10","",""
"apps/control-panel/src/features/finance/delivery-fee-policy-workspace.tsx","0","0","","73","73","",""
"services/identity/backend/internal/integrations/challenge/delivery.go","0","0","","84","84","",""
"services/dsh/backend/internal/transport/http/delivery_fee.go","0","0","","172","172","",""
"services/wlt/backend/internal/storage/postgres/delivery_fee_policy.go","0","0","","132","132","",""
"services/identity/backend/internal/challenge/delivery_worker.go","0","0","","118","118","",""
"apps/app-client/src/features/store-discovery/discovery-analytics.ts","0","0","","32","32","",""
"services/dsh/backend/internal/storage/postgres/discovery_content_media.go","0","0","","86","86","",""
"apps/control-panel/src/server/dsh/dsh-bff.ts","0","0","","669","669","",""
"services/dsh/clients/generated/dsh-operations.ts","0","0","","1","1","",""
"packages/design-system/src/tokens/elevation.ts","0","0","","1","1","",""
"tools/dev/enforce-ci-batch.mjs","0","0","","16","16","",""
"services/wlt/backend/internal/runtime/environment.go","0","0","","5","5","",""
"services/identity/clients/errors.ts","0","0","","22","22","",""
"tools/mobile/export-mobile-smoke.mjs","0","0","","18","18","",""
"apps/control-panel/src/features/field/field-admission-panel.tsx","0","0","","100","100","",""
"apps/control-panel/src/features/field/field-candidate-panel.tsx","0","0","","77","77","",""
"apps/app-field/src/features/field-operations/field-cases.tsx","0","0","","166","166","",""
"apps/app-field/src/features/field-operations/field-client.ts","0","0","","7","7","",""
"apps/control-panel/src/features/finance/field-commission-policy-workspace.tsx","0","0","","136","136","",""
"apps/app-field/src/features/account/field-financial-summary.tsx","0","0","","14","14","",""
"apps/app-field/src/features/field-operations/field-new-case.tsx","0","0","","138","138","",""
"apps/app-field/src/features/field-operations/field-operation-styles.ts","0","0","","1","1","",""
"apps/app-field/src/features/account/field-payout-card.tsx","0","0","","51","51","",""
"apps/app-field/src/features/field-operations/field-readiness.tsx","0","0","","20","20","",""
"apps/app-field/src/shell/field-shell.tsx","0","0","","20","20","",""
"services/dsh/backend/internal/transport/http/field.go","0","0","","312","312","",""
"services/wlt/backend/internal/storage/postgres/field_commission.go","0","0","","203","203","",""
"services/dsh/backend/cmd/api/field_commission_reconciler.go","0","0","","8","8","",""
"services/dsh/backend/internal/transport/http/field_finance.go","0","0","","149","149","",""
"services/dsh/clients/presentation/finance-presentation.ts","0","0","","14","14","",""
"apps/control-panel/src/features/finance/finance-workspace.tsx","0","0","","12","12","",""
"services/wlt/backend/internal/storage/postgres/finance_evidence.go","0","0","","120","120","",""
"services/dsh/backend/cmd/api/financial_handoff_reconciler.go","0","0","","11","11","",""
"services/wlt/backend/internal/storage/postgres/financial_profile.go","0","0","","148","148","",""
"services/dsh/backend/cmd/api/financial_profile_reconciler.go","0","0","","14","14","",""
"services/wlt/backend/internal/storage/postgres/financial_statement.go","0","0","","131","131","",""
"apps/app-client/fingerprint.config.js","0","0","","1","1","",""
"apps/app-partner/fingerprint.config.js","0","0","","1","1","",""
"apps/app-captain/fingerprint.config.js","0","0","","1","1","",""
"apps/app-field/fingerprint.config.js","0","0","","1","1","",""
"packages/design-system/src/tokens/formatting.ts","0","0","","5","5","",""
"services/identity/tools/generate-password-blocklist.mjs","0","0","","24","24","",""
"tools/dev/generate-theme-css.mjs","0","0","","19","19","",""
"services/identity/tools/generate-types.mjs","0","0","","258","258","",""
"services/dsh/tools/generate-types.mjs","0","0","","288","288","",""
"tools/dev/hash-control-panel-secret-input.mjs","0","0","","7","7","",""
"tools/mobile/hash-mobile-secret-input.mjs","0","0","","7","7","",""
"apps/app-client/app/(app)/home.tsx","0","0","","25","25","",""
"apps/app-captain/app/(app)/home.tsx","0","0","","1","1","",""
"apps/app-field/app/(app)/home.tsx","0","0","","1","1","",""
"packages/design-system/src/native/icons.tsx","0","0","","5","5","",""
"apps/control-panel/src/server/identity/identity-bff.ts","0","0","","187","187","",""
"apps/control-panel/src/features/access/identity-error-message.ts","0","0","","11","11","",""
"apps/control-panel/src/session/identity-fetch.ts","0","0","","6","6","",""
"apps/app-client/src/features/access/identity-gate.tsx","0","0","","130","130","",""
"apps/app-partner/src/features/access/identity-gate.tsx","0","0","","4","4","",""
"apps/app-captain/src/features/access/identity-gate.tsx","0","0","","4","4","",""
"apps/app-field/src/features/access/identity-gate.tsx","0","0","","4","4","",""
"services/identity/clients/generated/identity-operations.ts","0","0","","1","1","",""
"apps/app-client/src/features/access/identity-presentation.ts","0","0","","2","2","",""
"apps/control-panel/src/features/access/identity-surface.tsx","0","0","","115","115","",""
"apps/app-client/src/bootstrap/identity.ts","0","0","","17","17","",""
"apps/app-partner/src/bootstrap/identity.ts","0","0","","12","12","",""
"apps/app-captain/src/bootstrap/identity.ts","0","0","","12","12","",""
"apps/app-field/src/bootstrap/identity.ts","0","0","","12","12","",""
"services/dsh/tools/import-catalog-products.mjs","0","0","","108","108","",""
"packages/design-system/src/theme/index.ts","0","0","","31","31","",""
"apps/app-partner/src/features/partner-onboarding/joining-case-correction.tsx","0","0","","67","67","",""
"apps/control-panel/src/features/partner-onboarding/joining-case-create.tsx","0","0","","109","109","",""
"apps/control-panel/src/features/partner-onboarding/joining-case-detail.tsx","0","0","","108","108","",""
"apps/control-panel/src/features/partner-onboarding/joining-case-queue.tsx","0","0","","90","90","",""
"services/dsh/backend/internal/transport/http/joiningcase_media.go","0","0","","50","50","",""
"tools/dev/knowledge-source.mjs","0","0","","81","81","",""
"apps/control-panel/app/layout.tsx","0","0","","3","3","",""
"apps/control-panel/app/(workspace)/layout.tsx","0","0","","154","154","",""
"services/identity/backend/internal/transport/http/legal_name.go","0","0","","108","108","",""
"services/identity/backend/internal/actor/legal_name.go","0","0","","229","229","",""
"apps/app-client/src/features/location-core/location-core.tsx","0","0","","98","98","",""
"services/dsh/backend/internal/transport/http/locationcore.go","0","0","","135","135","",""
"tools/dev/mailpit-challenge.mjs","0","0","","16","16","",""
"services/identity/backend/cmd/api/main.go","0","0","","3","3","",""
"services/identity/backend/cmd/migrate/main.go","0","0","","28","28","",""
"services/identity/backend/cmd/schema-verify/main.go","0","0","","28","28","",""
"services/dsh/backend/cmd/api/main.go","0","0","","178","178","",""
"services/dsh/backend/cmd/migrate/main.go","0","0","","44","44","",""
"services/dsh/backend/cmd/schema-verify/main.go","0","0","","37","37","",""
"services/wlt/backend/cmd/schema-verify/main.go","0","0","","34","34","",""
"services/wlt/backend/cmd/api/main.go","0","0","","35","35","",""
"services/wlt/backend/cmd/migrate/main.go","0","0","","37","37","",""
"services/wlt/backend/cmd/financial-invariants/main.go","0","0","","233","233","",""
"services/identity/clients/presentation/ManagedIdentityFlow.tsx","0","0","","116","116","",""
"packages/design-system/src/native/map.tsx","0","0","","17","17","",""
"apps/control-panel/src/features/marketing/marketing-workspace.tsx","0","0","","433","433","",""
"services/dsh/backend/internal/storage/postgres/marketing_analytics.go","0","0","","57","57","",""
"apps/app-client/metro.config.cjs","0","0","","2","2","",""
"apps/app-partner/metro.config.cjs","0","0","","2","2","",""
"apps/app-captain/metro.config.cjs","0","0","","2","2","",""
"apps/app-field/metro.config.cjs","0","0","","2","2","",""
"services/identity/clients/mobile.ts","0","0","","30","30","",""
"services/dsh/clients/mobile.ts","0","0","","582","582","",""
"packages/design-system/src/tokens/motion.ts","0","0","","1","1","",""
"apps/app-client/app/(app)/multi-store-checkout.tsx","0","0","","1","1","",""
"apps/app-client/src/features/multi-store-checkout/multi-store-checkout.tsx","0","0","","229","229","",""
"services/dsh/backend/internal/transport/http/multi_store_checkout.go","0","0","","90","90","",""
"apps/app-field/app/(app)/new-case.tsx","0","0","","1","1","",""
"apps/control-panel/next.config.mjs","0","0","","12","12","",""
"apps/control-panel/src/features/notifications/notification-presentation.ts","0","0","","3","3","",""
"services/dsh/backend/internal/transport/http/notification.go","0","0","","95","95","",""
"apps/app-client/src/features/notifications/notifications-inbox.tsx","0","0","","46","46","",""
"apps/app-partner/src/features/notifications/notifications-inbox.tsx","0","0","","47","47","",""
"apps/app-captain/src/features/notifications/notifications-inbox.tsx","0","0","","47","47","",""
"apps/app-field/src/features/notifications/notifications-inbox.tsx","0","0","","47","47","",""
"apps/app-client/app/notifications.tsx","0","0","","1","1","",""
"apps/app-partner/app/notifications.tsx","0","0","","1","1","",""
"apps/app-captain/app/notifications.tsx","0","0","","1","1","",""
"apps/app-field/app/notifications.tsx","0","0","","1","1","",""
"apps/app-captain/app/(app)/offers.tsx","0","0","","1","1","",""
"services/wlt/backend/internal/storage/postgres/official_wallet_destination.go","0","0","","266","266","",""
"apps/app-partner/app/(app)/onboarding.tsx","0","0","","1","1","",""
"packages/design-system/src/tokens/opacity.ts","0","0","","1","1","",""
"apps/control-panel/src/features/operations/operation-location-map.tsx","0","0","","6","6","",""
"services/dsh/clients/presentation/operations-presentation.ts","0","0","","38","38","",""
"apps/control-panel/src/features/operations/operations-workspace.tsx","0","0","","90","90","",""
"apps/control-panel/src/features/operations/operator-actions.ts","0","0","","7","7","",""
"apps/control-panel/src/features/access/operator-directory.tsx","0","0","","29","29","",""
"apps/control-panel/src/features/workspace/operator-home.tsx","0","0","","47","47","",""
"apps/control-panel/src/features/notifications/operator-notifications.tsx","0","0","","42","42","",""
"apps/control-panel/src/session/operator-permissions.ts","0","0","","1","1","",""
"apps/control-panel/src/features/access/operator-profile-panel.tsx","0","0","","88","88","",""
"apps/control-panel/src/server/identity/operator-workspace-access.ts","0","0","","3","3","",""
"services/identity/backend/internal/transport/http/operator_profiles.go","0","0","","87","87","",""
"services/dsh/clients/order-conversation-attempt.ts","0","0","","24","24","",""
"apps/app-client/src/features/orders/order-conversation.tsx","0","0","","101","101","",""
"apps/app-partner/src/features/order-management/order-conversation.tsx","0","0","","59","59","",""
"apps/app-captain/src/features/captain-operations/order-conversation.tsx","0","0","","59","59","",""
"apps/app-client/src/features/orders/order-detail.tsx","0","0","","128","128","",""
"apps/app-partner/src/features/order-management/order-management.tsx","0","0","","110","110","",""
"apps/control-panel/src/features/operations/order-operation-detail.tsx","0","0","","66","66","",""
"services/dsh/clients/presentation/order-presentation.ts","0","0","","27","27","",""
"services/dsh/backend/internal/transport/http/order.go","0","0","","536","536","",""
"services/dsh/backend/internal/storage/postgres/order_rating.go","0","0","","91","91","",""
"apps/app-client/app/(app)/orders.tsx","0","0","","1","1","",""
"apps/app-client/src/features/orders/orders.tsx","0","0","","81","81","",""
"apps/app-partner/app/(app)/orders.tsx","0","0","","1","1","",""
"apps/control-panel/app/page.tsx","0","0","","12","12","",""
"apps/control-panel/app/(workspace)/policies/page.tsx","0","0","","2","2","",""
"apps/control-panel/app/(workspace)/policies/partner-financial-terms/page.tsx","0","0","","2","2","",""
"apps/control-panel/app/(workspace)/policies/delivery-fees/page.tsx","0","0","","2","2","",""
"apps/control-panel/app/(workspace)/policies/service-cities/page.tsx","0","0","","2","2","",""
"apps/control-panel/app/(workspace)/policies/field-rewards/page.tsx","0","0","","2","2","",""
"apps/control-panel/app/(workspace)/captains/page.tsx","0","0","","1","1","",""
"apps/control-panel/app/(workspace)/finance/page.tsx","0","0","","2","2","",""
"apps/control-panel/app/(workspace)/finance/field-earnings/page.tsx","0","0","","1","1","",""
"apps/control-panel/app/(workspace)/finance/beneficiary-settlement/page.tsx","0","0","","3","3","",""
"apps/control-panel/app/(workspace)/finance/beneficiary-settlement/[actorType]/page.tsx","0","0","","13","13","",""
"apps/control-panel/app/(workspace)/finance/customer-withdrawals/page.tsx","0","0","","6","6","",""
"apps/control-panel/app/(workspace)/finance/partner-store-commissions/page.tsx","0","0","","1","1","",""
"apps/control-panel/app/(workspace)/finance/partner-commission-receivables/page.tsx","0","0","","7","7","",""
"apps/control-panel/app/(workspace)/finance/cash-custody/page.tsx","0","0","","6","6","",""
"apps/control-panel/app/(workspace)/finance/partner-earnings/page.tsx","0","0","","1","1","",""
"apps/control-panel/app/(workspace)/partners/page.tsx","0","0","","2","2","",""
"apps/control-panel/app/(workspace)/partners/stores/page.tsx","0","0","","1","1","",""
"apps/control-panel/app/(workspace)/partners/stores/[storeId]/page.tsx","0","0","","2","2","",""
"apps/control-panel/app/(workspace)/partners/new/page.tsx","0","0","","2","2","",""
"apps/control-panel/app/(workspace)/partners/actors/[actorId]/page.tsx","0","0","","2","2","",""
"apps/control-panel/app/(workspace)/partners/joining/page.tsx","0","0","","2","2","",""
"apps/control-panel/app/(workspace)/partners/[caseId]/page.tsx","0","0","","4","4","",""
"apps/control-panel/app/(workspace)/notifications/page.tsx","0","0","","5","5","",""
"apps/control-panel/app/(workspace)/marketing/page.tsx","0","0","","2","2","",""
"apps/control-panel/app/(workspace)/marketing/promotions/page.tsx","0","0","","2","2","",""
"apps/control-panel/app/(workspace)/marketing/content/page.tsx","0","0","","2","2","",""
"apps/control-panel/app/(workspace)/operations/page.tsx","0","0","","6","6","",""
"apps/control-panel/app/(workspace)/operations/customer-withdrawals/page.tsx","0","0","","5","5","",""
"apps/control-panel/app/(workspace)/operations/[orderId]/page.tsx","0","0","","7","7","",""
"apps/control-panel/app/(workspace)/fields/page.tsx","0","0","","1","1","",""
"apps/control-panel/app/(workspace)/catalog/page.tsx","0","0","","1","1","",""
"apps/control-panel/app/(workspace)/catalog/products/page.tsx","0","0","","2","2","",""
"apps/control-panel/app/(workspace)/catalog/proposals/page.tsx","0","0","","2","2","",""
"apps/control-panel/app/(workspace)/catalog/categories/page.tsx","0","0","","2","2","",""
"apps/control-panel/app/(workspace)/catalog/import/page.tsx","0","0","","2","2","",""
"apps/control-panel/app/(workspace)/access/page.tsx","0","0","","8","8","",""
"apps/control-panel/app/(workspace)/workspace/page.tsx","0","0","","5","5","",""
"apps/control-panel/src/features/partner-onboarding/partner-detail-workspace.tsx","0","0","","137","137","",""
"apps/control-panel/src/features/partner-onboarding/partner-directory.tsx","0","0","","86","86","",""
"apps/control-panel/src/features/finance/partner-earnings-workspace.tsx","0","0","","148","148","",""
"apps/control-panel/src/features/partner-onboarding/partner-error-message.ts","0","0","","20","20","",""
"apps/app-partner/src/features/account/partner-financial-summary.tsx","0","0","","19","19","",""
"apps/control-panel/src/features/finance/partner-financial-terms-policy-workspace.tsx","0","0","","52","52","",""
"apps/app-partner/src/features/partner-onboarding/partner-onboarding.tsx","0","0","","11","11","",""
"apps/app-partner/src/features/partner-onboarding/partner-orders.tsx","0","0","","8","8","",""
"apps/app-partner/src/features/account/partner-payout-card.tsx","0","0","","54","54","",""
"apps/control-panel/src/features/partner-onboarding/partner-request.ts","0","0","","6","6","",""
"apps/app-partner/src/shell/partner-shell.tsx","0","0","","20","20","",""
"apps/control-panel/src/features/finance/partner-store-commission-policy-workspace.tsx","0","0","","60","60","",""
"apps/app-partner/src/features/partner-onboarding/partner-store-context.ts","0","0","","18","18","",""
"apps/app-partner/src/features/partner-onboarding/partner-store.tsx","0","0","","9","9","",""
"apps/app-partner/src/features/partner-onboarding/partner-surface-styles.ts","0","0","","1","1","",""
"apps/control-panel/src/features/partner-onboarding/partner-workspace.tsx","0","0","","6","6","",""
"services/wlt/backend/internal/storage/postgres/partner_commission_registry.go","0","0","","49","49","",""
"services/wlt/backend/internal/transport/http/partner_commission_registry.go","0","0","","53","53","",""
"services/dsh/backend/internal/transport/http/partner_finance.go","0","0","","214","214","",""
"services/wlt/backend/internal/storage/postgres/partner_financial_terms_policy.go","0","0","","83","83","",""
"apps/control-panel/src/server/identity/passkey-request.ts","0","0","","3","3","",""
"services/identity/clients/password.ts","0","0","","11","11","",""
"services/wlt/backend/internal/storage/postgres/payout_request.go","0","0","","195","195","",""
"services/wlt/backend/internal/storage/postgres/payout_settlement.go","0","0","","950","950","",""
"apps/control-panel/playwright.config.ts","0","0","","8","8","",""
"apps/control-panel/playwright.global-setup.ts","0","0","","22","22","",""
"apps/control-panel/src/features/policies/policies-workspace.tsx","0","0","","11","11","",""
"packages/design-system/src/native/primitives.tsx","0","0","","41","41","",""
"services/identity/backend/internal/storage/postgres/privileges.go","0","0","","59","59","",""
"apps/app-client/src/features/store-discovery/promotion-card.tsx","0","0","","5","5","",""
"apps/control-panel/proxy.ts","0","0","","27","27","",""
"apps/control-panel/src/shell/public-shell.tsx","0","0","","6","6","",""
"tools/dev/query-knowledge.mjs","0","0","","135","135","",""
"packages/design-system/src/tokens/radius.ts","0","0","","1","1","",""
"tools/dev/record-ci-external-result.mjs","0","0","","9","9","",""
"apps/control-panel/src/features/partner-onboarding/registry-csv.ts","0","0","","11","11","",""
"tools/dev/report-ci-performance.mjs","0","0","","31","31","",""
"apps/control-panel/app/api/marketing/content/route.ts","0","0","","63","63","",""
"apps/control-panel/app/api/marketing/content/[contentId]/publication/route.ts","0","0","","20","20","",""
"apps/control-panel/app/api/marketing/content/targets/route.ts","0","0","","50","50","",""
"apps/control-panel/app/api/marketing/promotions/route.ts","0","0","","39","39","",""
"apps/control-panel/app/api/marketing/promotions/[promotionId]/publication/route.ts","0","0","","20","20","",""
"apps/control-panel/app/api/marketing/analytics/route.ts","0","0","","13","13","",""
"apps/control-panel/app/api/auth/passkey/options/route.ts","0","0","","4","4","",""
"apps/control-panel/app/api/auth/passkey/finish/route.ts","0","0","","5","5","",""
"apps/control-panel/app/api/auth/passkey/registration/finish/route.ts","0","0","","5","5","",""
"apps/control-panel/app/api/auth/activation/start/route.ts","0","0","","7","7","",""
"apps/control-panel/app/api/auth/activation/complete/route.ts","0","0","","7","7","",""
"apps/control-panel/app/api/auth/profile/route.ts","0","0","","6","6","",""
"apps/control-panel/app/api/auth/operator/recovery/options/route.ts","0","0","","7","7","",""
"apps/control-panel/app/api/auth/operator/recovery/request/route.ts","0","0","","7","7","",""
"apps/control-panel/app/api/auth/operator/recovery/finish/route.ts","0","0","","5","5","",""
"apps/control-panel/app/api/auth/session/route.ts","0","0","","6","6","",""
"apps/control-panel/app/api/auth/logout/route.ts","0","0","","5","5","",""
"apps/control-panel/app/api/finance/cash-custody/route.ts","0","0","","19","19","",""
"apps/control-panel/app/api/finance/beneficiaries/route.ts","0","0","","10","10","",""
"apps/control-panel/app/api/finance/beneficiaries/[actorType]/[actorId]/financial-statement/route.ts","0","0","","12","12","",""
"apps/control-panel/app/api/finance/customer-withdrawal-intakes/route.ts","0","0","","15","15","",""
"apps/control-panel/app/api/finance/customer-withdrawal-intakes/[intakeId]/route.ts","0","0","","10","10","",""
"apps/control-panel/app/api/finance/customer-withdrawal-intakes/[intakeId]/[action]/route.ts","0","0","","20","20","",""
"apps/control-panel/app/api/finance/partner-earnings/route.ts","0","0","","29","29","",""
"apps/control-panel/app/api/finance/payout-requests/route.ts","0","0","","7","7","",""
"apps/control-panel/app/api/finance/payout-requests/[payoutId]/[action]/route.ts","0","0","","13","13","",""
"apps/control-panel/app/api/finance/partner-commission-receivables/route.ts","0","0","","18","18","",""
"apps/control-panel/app/api/finance/evidence/route.ts","0","0","","13","13","",""
"apps/control-panel/app/api/finance/evidence/[documentId]/route.ts","0","0","","9","9","",""
"apps/control-panel/app/api/finance/settlement-batches/route.ts","0","0","","20","20","",""
"apps/control-panel/app/api/finance/settlement-batches/[batchId]/route.ts","0","0","","8","8","",""
"apps/control-panel/app/api/finance/settlement-batches/[batchId]/export/route.ts","0","0","","11","11","",""
"apps/control-panel/app/api/finance/settlement-batches/[batchId]/[action]/route.ts","0","0","","12","12","",""
"apps/control-panel/app/api/finance/delivery-fee-policy/route.ts","0","0","","29","29","",""
"apps/control-panel/app/api/finance/financial-statements/route.ts","0","0","","12","12","",""
"apps/control-panel/app/api/finance/field-commission-policy/route.ts","0","0","","36","36","",""
"apps/control-panel/app/api/finance/transfers/[transferId]/[action]/route.ts","0","0","","11","11","",""
"apps/control-panel/app/api/finance/actor-destination/route.ts","0","0","","23","23","",""
"apps/control-panel/app/api/finance/actor-destination/verify/route.ts","0","0","","12","12","",""
"apps/control-panel/app/api/finance/actor-destination/activate/route.ts","0","0","","11","11","",""
"apps/control-panel/app/api/finance/settlement-statements/route.ts","0","0","","10","10","",""
"apps/control-panel/app/api/finance/settlement-statements/[statementId]/rows/route.ts","0","0","","11","11","",""
"apps/control-panel/app/api/finance/partner-financial-terms-policy/route.ts","0","0","","30","30","",""
"apps/control-panel/app/api/finance/partner-store-commission-policies/route.ts","0","0","","36","36","",""
"apps/control-panel/app/api/finance/actor-payout-state/route.ts","0","0","","12","12","",""
"apps/control-panel/app/api/captains/route.ts","0","0","","97","97","",""
"apps/control-panel/app/api/operations/route.ts","0","0","","24","24","",""
"apps/control-panel/app/api/operations/[orderId]/route.ts","0","0","","13","13","",""
"apps/control-panel/app/api/operations/customer-withdrawal-request-evidence/route.ts","0","0","","11","11","",""
"apps/control-panel/app/api/operations/customer-withdrawal-intakes/route.ts","0","0","","10","10","",""
"apps/control-panel/app/api/operations/actor-legal-name/route.ts","0","0","","40","40","",""
"apps/control-panel/app/api/fields/route.ts","0","0","","97","97","",""
"apps/control-panel/app/api/catalog/verticals/route.ts","0","0","","30","30","",""
"apps/control-panel/app/api/catalog/verticals/[verticalId]/route.ts","0","0","","20","20","",""
"apps/control-panel/app/api/catalog/attributes/route.ts","0","0","","32","32","",""
"apps/control-panel/app/api/catalog/attributes/[attributeId]/enum-options/route.ts","0","0","","30","30","",""
"apps/control-panel/app/api/catalog/imports/[runId]/route.ts","0","0","","27","27","",""
"apps/control-panel/app/api/catalog/imports/preview/route.ts","0","0","","16","16","",""
"apps/control-panel/app/api/catalog/products/route.ts","0","0","","33","33","",""
"apps/control-panel/app/api/catalog/products/[productId]/route.ts","0","0","","59","59","",""
"apps/control-panel/app/api/catalog/products/[productId]/media/route.ts","0","0","","22","22","",""
"apps/control-panel/app/api/catalog/product-registry/route.ts","0","0","","13","13","",""
"apps/control-panel/app/api/catalog/proposals/route.ts","0","0","","15","15","",""
"apps/control-panel/app/api/catalog/proposals/[proposalId]/review/route.ts","0","0","","20","20","",""
"apps/control-panel/app/api/catalog/categories/route.ts","0","0","","44","44","",""
"apps/control-panel/app/api/catalog/categories/[categoryId]/route.ts","0","0","","31","31","",""
"apps/control-panel/app/api/catalog/categories/[categoryId]/attribute-rules/route.ts","0","0","","12","12","",""
"apps/control-panel/app/api/catalog/categories/[categoryId]/attribute-rules/[attributeId]/route.ts","0","0","","17","17","",""
"apps/control-panel/app/api/catalog/categories/[categoryId]/media/route.ts","0","0","","22","22","",""
"apps/control-panel/app/api/partners/stores/route.ts","0","0","","24","24","",""
"apps/control-panel/app/api/partners/joining-cases/route.ts","0","0","","41","41","",""
"apps/control-panel/app/api/partners/joining-cases/[caseId]/route.ts","0","0","","14","14","",""
"apps/control-panel/app/api/partners/joining-cases/[caseId]/financial-terms/route.ts","0","0","","20","20","",""
"apps/control-panel/app/api/partners/joining-cases/[caseId]/submit/route.ts","0","0","","18","18","",""
"apps/control-panel/app/api/partners/joining-cases/[caseId]/review/route.ts","0","0","","19","19","",""
"apps/control-panel/app/api/partners/roster/route.ts","0","0","","51","51","",""
"apps/control-panel/app/api/partners/roster/[actorId]/route.ts","0","0","","22","22","",""
"apps/control-panel/app/api/partners/roster/[actorId]/stores/route.ts","0","0","","20","20","",""
"apps/control-panel/app/api/service-cities/route.ts","0","0","","27","27","",""
"apps/control-panel/app/api/service-cities/[cityId]/route.ts","0","0","","30","30","",""
"apps/control-panel/app/api/access/managed-user/status/route.ts","0","0","","14","14","",""
"apps/control-panel/app/api/access/operator-permission/route.ts","0","0","","22","22","",""
"apps/control-panel/app/api/access/operators/route.ts","0","0","","26","26","",""
"apps/control-panel/app/api/access/account-control/route.ts","0","0","","25","25","",""
"apps/control-panel/app/api/access/operator-profiles/route.ts","0","0","","34","34","",""
"apps/control-panel/app/api/access/operator-profiles/[profileId]/route.ts","0","0","","32","32","",""
"apps/control-panel/app/api/stores/[storeId]/publication/route.ts","0","0","","34","34","",""
"apps/control-panel/app/api/stores/[storeId]/fulfillment-modes/route.ts","0","0","","21","21","",""
"apps/control-panel/app/api/notifications/route.ts","0","0","","12","12","",""
"apps/control-panel/app/api/notifications/[notificationId]/read/route.ts","0","0","","12","12","",""
"apps/control-panel/app/api/policies/stores/route.ts","0","0","","21","21","",""
"tools/dev/run-ci-command.mjs","0","0","","56","56","",""
"tools/dev/run-ci-runtime-proof.mjs","0","0","","61","61","",""
"tools/dev/run-playwright-live.mjs","0","0","","14","14","",""
"services/dsh/backend/internal/runtime/server.go","0","0","","65","65","",""
"services/wlt/backend/internal/runtime/server.go","0","0","","49","49","",""
"apps/app-client/src/features/service-city/service-city-client.ts","0","0","","4","4","",""
"apps/control-panel/src/features/service-city/service-city-panel.tsx","0","0","","50","50","",""
"apps/app-client/src/features/service-city/service-city-scope.tsx","0","0","","39","39","",""
"services/identity/backend/internal/challenge/service.go","0","0","","518","518","",""
"services/identity/backend/internal/passkey/service.go","0","0","","317","317","",""
"services/dsh/backend/internal/servicecity/service.go","0","0","","48","48","",""
"services/dsh/backend/internal/serviceability/service.go","0","0","","35","35","",""
"services/dsh/backend/internal/field/service.go","0","0","","271","271","",""
"services/dsh/backend/internal/locationcore/service.go","0","0","","74","74","",""
"services/dsh/backend/internal/joiningcase/service.go","0","0","","264","264","",""
"services/dsh/backend/internal/auth/service.go","0","0","","15","15","",""
"services/dsh/backend/internal/order/service.go","0","0","","188","188","",""
"services/dsh/backend/internal/financialhandoff/service.go","0","0","","115","115","",""
"services/dsh/backend/internal/transport/http/serviceability.go","0","0","","48","48","",""
"services/dsh/backend/internal/transport/http/servicecity.go","0","0","","122","122","",""
"apps/control-panel/src/session/session-provider.tsx","0","0","","44","44","",""
"services/identity/clients/session.ts","0","0","","246","246","",""
"services/wlt/backend/internal/transport/http/settlement.go","0","0","","645","645","",""
"packages/design-system/src/tokens/sizing.ts","0","0","","1","1","",""
"packages/design-system/src/tokens/spacing.ts","0","0","","1","1","",""
"tools/dev/start-surface.mjs","0","0","","48","48","",""
"apps/app-partner/src/features/partner-onboarding/store-captain-memberships.tsx","0","0","","50","50","",""
"apps/app-client/src/features/store-discovery/store-detail.tsx","0","0","","271","271","",""
"apps/app-client/src/features/store-discovery/store-discovery-client.ts","0","0","","45","45","",""
"apps/app-client/src/features/store-discovery/store-discovery.tsx","0","0","","280","280","",""
"apps/app-captain/src/features/captain-operations/store-memberships.tsx","0","0","","36","36","",""
"apps/app-partner/src/features/store-offer/store-offer.tsx","0","0","","401","401","",""
"apps/app-partner/src/features/partner-onboarding/store-profile-image-editor.tsx","0","0","","51","51","",""
"apps/app-partner/src/features/partner-onboarding/store-readback-client.ts","0","0","","22","22","",""
"apps/control-panel/src/features/partner-onboarding/store-registry.tsx","0","0","","84","84","",""
"apps/control-panel/src/features/partner-onboarding/store-workspace.tsx","0","0","","74","74","",""
"apps/app-partner/app/(app)/store.tsx","0","0","","1","1","",""
"services/dsh/backend/internal/captain/store_membership.go","0","0","","60","60","",""
"services/dsh/backend/internal/joiningcase/store_profile_media.go","0","0","","107","107","",""
"services/dsh/backend/internal/storage/postgres/tracking.go","0","0","","136","136","",""
"tools/dev/ts-resolver.mjs","0","0","","7","7","",""
"packages/design-system/src/tokens/typography.ts","0","0","","3","3","",""
"services/identity/clients/url.ts","0","0","","9","9","",""
"apps/control-panel/src/features/finance/use-page-selection.ts","0","0","","15","15","",""
"tools/dev/verify-agent-knowledge-contract.mjs","0","0","","57","57","",""
"tools/mobile/verify-brand-assets.mjs","0","0","","27","27","",""
"tools/dev/verify-cache-contracts.mjs","0","0","","72","72","",""
"tools/dev/verify-ci-exact-sha.mjs","0","0","","75","75","",""
"tools/dev/verify-doc-command-parity.mjs","0","0","","56","56","",""
"tools/dev/verify-doc-config-parity.mjs","0","0","","56","56","",""
"tools/dev/verify-donor-residue.mjs","0","0","","23","23","",""
"tools/dev/verify-dsh-baseline.mjs","0","0","","50","50","",""
"tools/dev/verify-dsh-location-runtime.mjs","0","0","","218","218","",""
"tools/dev/verify-execution-proof-system.mjs","0","0","","38","38","",""
"tools/dev/verify-go-workspace-sync.mjs","0","0","","43","43","",""
"tools/dev/verify-identity-migrations.mjs","0","0","","58","58","",""
"tools/dev/verify-identity-runtime.mjs","0","0","","251","251","",""
"tools/dev/verify-knowledge-references.mjs","0","0","","79","79","",""
"tools/dev/verify-knowledge-system.mjs","0","0","","49","49","",""
"tools/dev/verify-local-runtime-ownership.mjs","0","0","","84","84","",""
"tools/mobile/verify-mobile-config.mjs","0","0","","166","166","",""
"tools/dev/verify-nx-cloud-ci.mjs","0","0","","20","20","",""
"tools/dev/verify-nx-project-tags.mjs","0","0","","36","36","",""
"tools/dev/verify-removed-human-domain-residue.mjs","0","0","","40","40","",""
"tools/dev/verify-repository-structure.mjs","0","0","","153","153","",""
"tools/dev/verify-secret-safety.mjs","0","0","","53","53","",""
"tools/dev/verify-structural-hygiene.mjs","0","0","","224","224","",""
"tools/dev/verify-theme-authority.mjs","0","0","","151","151","",""
"tools/dev/verify-workspace-dependencies.mjs","0","0","","123","123","",""
"apps/app-client/app/(app)/wallet-cash-in.tsx","0","0","","1","1","",""
"apps/app-client/src/features/wallet/wallet.tsx","0","0","","2","2","",""
"apps/app-partner/src/features/wallet/wallet.tsx","0","0","","3","3","",""
"apps/app-captain/src/features/wallet/wallet.tsx","0","0","","3","3","",""
"apps/app-field/src/features/wallet/wallet.tsx","0","0","","3","3","",""
"apps/control-panel/src/navigation/workspace-registry.ts","0","0","","23","23","",""
"apps/control-panel/src/features/workspace/workspace-resource-index.tsx","0","0","","1","1","",""
"packages/design-system/src/tokens/z-index.ts","0","0","","1","1","",""
"services/identity/backend/internal/actor/service.go","0.6","0.6","","794","789","",""
"services/dsh/backend/internal/transport/http/joiningcase.go","1","1","","286","283","",""
"services/identity/backend/internal/authentication/service.go","1.1","1.1","","189","187","",""
"services/dsh/backend/internal/captain/service.go","1.1","1.1","","447","442","",""
"services/dsh/backend/internal/transport/http/marketing.go","1.7","1.7","","413","406","",""
"services/wlt/backend/internal/transport/http/server.go","2.2","2.2","","976","955","",""
"services/dsh/backend/internal/cart/service.go","2.4","2.4","","296","289","",""
"services/wlt/backend/internal/storage/postgres/partner_store_cash_commission.go","2.8","2.8","","216","210","",""
"services/wlt/backend/internal/storage/postgres/partner_store_commission_policy.go","3.2","3.2","","216","209","",""
"services/wlt/backend/internal/storage/postgres/payment.go","3.5","3.5","","346","334","",""
"services/dsh/backend/internal/transport/http/catalog_extensions.go","3.8","3.8","","319","307","",""
"services/dsh/backend/internal/storepublication/service.go","4.8","4.8","","210","200","",""
"services/identity/backend/internal/runtime/migrations.go","5.3","5.3","","114","108","",""
"services/dsh/backend/internal/multistore/service.go","6.6","6.6","","137","128","",""
"services/wlt/backend/internal/storage/postgres/beneficiary_registry.go","6.9","6.9","","87","81","",""
"services/dsh/backend/internal/transport/http/storepublication.go","7","7","","371","345","",""
"services/wlt/backend/internal/storage/postgres/partner_order_earning.go","8","8","","200","184","",""
"services/dsh/backend/internal/storage/postgres/catalog_offer_page.go","8.3","8.3","","156","143","",""
"services/dsh/backend/internal/transport/http/customer_withdrawal.go","9.1","9.1","","287","261","",""
"services/dsh/backend/internal/storage/postgres/inventory.go","9.1","9.1","","88","80","",""
"services/dsh/backend/internal/storage/postgres/financial_handoff.go","9.7","9.7","","113","102","",""
"services/dsh/backend/internal/transport/http/cart.go","10","10","","220","198","",""
"services/dsh/backend/internal/storage/postgres/field_commission.go","10.4","10.4","","48","43","",""
"services/dsh/backend/internal/storage/postgres/captain.go","11.3","11.3","","1961","1739","",""
"services/dsh/backend/internal/storage/postgres/field.go","11.5","11.5","","435","385","",""
"services/wlt/backend/internal/storage/postgres/migrate.go","11.8","11.8","","110","97","",""
"services/dsh/backend/internal/catalog/catalog_imports.go","12","12","","117","103","",""
"services/dsh/backend/internal/storage/postgres/catalog_proposals.go","12.3","12.3","","405","355","",""
"services/dsh/backend/internal/media/object_store.go","12.9","12.9","","140","122","",""
"services/wlt/backend/internal/transport/http/cash_custody_registry.go","13.3","13.3","","60","52","",""
"services/dsh/backend/internal/storage/postgres/catalog_attributes.go","13.9","13.9","","137","118","",""
"services/identity/backend/internal/actor/operator_profiles.go","14","14","","429","369","",""
"services/dsh/backend/internal/catalog/catalog_product.go","16.2","16.2","","489","410","",""
"services/dsh/backend/internal/notification/service.go","16.3","16.3","","98","82","",""
"services/dsh/backend/internal/transport/http/helpers.go","16.8","16.8","","101","84","",""
"services/identity/backend/internal/session/service.go","17.4","17.4","","419","346","",""
"services/identity/backend/internal/transport/http/server.go","17.9","17.9","","631","518","",""
"services/dsh/backend/internal/storage/postgres/catalog_extensions.go","18.2","18.2","","533","436","",""
"services/identity/backend/internal/lifecycle/cleanup.go","18.4","18.4","","201","164","",""
"services/dsh/backend/internal/integrations/wlt/client.go","19.6","19.6","","729","586","",""
"services/dsh/backend/internal/transport/http/client_favorites.go","20","20","","145","116","",""
"services/dsh/backend/internal/storage/postgres/order.go","20.8","20.8","","966","765","",""
"services/wlt/backend/internal/storage/postgres/payment_allocation.go","20.8","20.8","","77","61","",""
"services/wlt/backend/internal/storage/postgres/cash_remittance.go","21.2","21.2","","212","167","",""
"services/wlt/backend/internal/storage/postgres/settlement_export.go","22.9","22.9","","166","128","",""
"services/dsh/backend/internal/transport/http/marketing_registry.go","28.4","28.4","","102","73","",""
"services/dsh/backend/internal/storage/postgres/catalog.go","29.5","29.5","","1656","1167","",""
"services/dsh/backend/internal/storage/postgres/marketing.go","31.4","31.4","","462","317","",""
"services/dsh/backend/internal/storage/postgres/delivery_proof_migration.go","33.1","33.1","","178","119","",""
"services/dsh/backend/internal/storage/postgres/joining_case.go","33.6","33.6","","977","649","",""
"services/dsh/backend/internal/storage/postgres/marketing_registry.go","34.7","34.7","","144","94","",""
"services/dsh/backend/internal/storage/postgres/store_publication.go","36.2","36.2","","406","259","",""
"services/identity/backend/internal/runtime/server.go","38.5","38.5","","317","195","",""
"services/dsh/backend/internal/storage/postgres/notification.go","39.3","39.3","","122","74","",""
"services/dsh/backend/internal/storage/postgres/migrate.go","41.4","41.4","","198","116","",""
"services/dsh/backend/internal/storage/postgres/favorite_store.go","43.6","43.6","","243","137","",""
"services/dsh/backend/internal/storage/postgres/marketing_targets.go","44.7","44.7","","132","73","",""
"services/dsh/backend/internal/integrations/identity/client.go","47.3","47.3","","74","39","",""
"services/identity/backend/internal/storage/postgres/migrate.go","49.6","49.6","","226","114","",""
"tools/dev/verify-pr-policy.mjs","50.8","55.4","25","112","50","20","15"
"services/dsh/backend/internal/storage/postgres/store_profile_media.go","54","54","","252","116","",""
"services/dsh/backend/internal/storage/postgres/catalog_public.go","55.2","55.2","","402","180","",""
"services/dsh/backend/internal/storage/postgres/order_conversation.go","56.4","56.4","","195","85","",""
"services/dsh/backend/internal/storage/postgres/delivery_proof_crypto.go","57.6","57.6","","118","50","",""
"services/dsh/backend/internal/storage/postgres/service_city.go","57.7","57.7","","234","99","",""
"services/dsh/backend/internal/storage/postgres/multi_store_checkout.go","57.8","57.8","","237","100","",""
"services/wlt/backend/internal/domain/payment.go","61.1","61.1","","36","14","",""
"services/dsh/backend/internal/storage/postgres/store_captain_membership.go","61.4","61.4","","319","123","",""
"services/identity/backend/internal/security/values.go","61.5","61.5","","135","52","",""
"services/dsh/backend/internal/storage/postgres/location_core.go","65.4","65.4","","364","126","",""
"services/dsh/backend/internal/storage/postgres/store_fulfillment_modes.go","65.5","65.5","","116","40","",""
"tools/dev/runtime-proof/resolve.mjs","67.2","59.8","91.1","179","72","56","5"
"services/identity/backend/internal/storage/postgres/schema.go","70.8","70.8","","48","14","",""
"services/dsh/backend/internal/storage/postgres/public_store_discovery.go","71.3","71.3","","237","68","",""
"services/dsh/backend/cmd/api/media_reconciler.go","71.4","71.4","","14","4","",""
"services/dsh/backend/internal/storage/postgres/catalog_registry.go","73.7","73.7","","99","26","",""
"services/dsh/backend/internal/storage/postgres/fulfillment.go","75","75","","24","6","",""
"services/identity/backend/internal/opsafety/authority.go","79.2","79.2","","53","11","",""
"tools/dev/check-go-format.mjs","80.8","87","33.3","69","9","9","6"
"tools/dev/verify-wlt-contract-conformance.mjs","82.2","85.7","74.1","133","19","58","15"
"services/dsh/backend/internal/storage/postgres/serviceability.go","82.3","82.3","","79","14","",""
"services/wlt/backend/internal/domain/financial_profile.go","85.7","85.7","","14","2","",""
"services/wlt/backend/internal/cashin/rail.go","88.9","88.9","","18","2","",""
"tools/dev/execution-proof-system.mjs","89.3","97","65.1","135","4","43","15"
"tools/dev/ci-failure-diagnostics.mjs","89.7","95","74.8","323","16","115","29"
"services/identity/backend/internal/domain/types.go","94","94","","50","3","",""
"services/dsh/backend/internal/media/provenance.go","95.1","95.1","","41","2","",""
"services/dsh/backend/internal/runtime/environment.go","100","100","","5","0","",""
"services/identity/backend/internal/security/password_blocklist.go","100","100","","5","0","",""
"tools/dev/runtime-proof/trusted-executables.mjs","100","100","100","39","0","8","0"
